Pokemon,Collected,Collected_Shadow,Collected_Purified
Bulbasaur,YES,YES,NO
Ivysaur,YES,YES,NO
Venusaur,YES,NO,NO
Venusaur Mega Venusaur,NO,NO,NO
Charmander,YES,YES,NO
Charmeleon,YES,NO,NO
Charizard,YES,NO,NO
Charizard Mega Charizard X,NO,NO,NO
Charizard Mega Charizard Y,NO,NO,NO
Squirtle,YES,NO,NO
Wartortle,YES,YES,NO
Blastoise,YES,NO,NO
Blastoise Mega Blastoise,NO,NO,NO
Caterpie,NO,NO,NO
Metapod,NO,NO,NO
Butterfree,YES,NO,NO
Weedle,NO,NO,NO
Kakuna,NO,NO,NO
Beedrill,YES,NO,NO
Beedrill Mega Beedrill,NO,NO,NO
Pidgey,YES,YES,YES
Pidgeotto,YES,YES,NO
Pidgeot,YES,NO,NO
Pidgeot Mega Pidgeot,NO,NO,NO
Rattata,YES,NO,NO
Rattata Alolan Form,YES,NO,NO
Raticate,YES,NO,NO
Raticate Alolan Form,YES,YES,NO
Spearow,YES,NO,NO
Fearow,YES,NO,NO
Ekans,YES,NO,NO
Arbok,YES,NO,NO
Pikachu,YES,NO,NO
Raichu,NO,NO,NO
Raichu Alolan Form,NO,NO,NO
Sandshrew,YES,NO,NO
Sandshrew Alolan Form,YES,YES,NO
Sandslash,YES,NO,NO
Sandslash Alolan Form,NO,YES,NO
Nidoran Female,YES,NO,NO
Nidorina,YES,NO,NO
Nidoqueen,YES,NO,NO
Nidoran Male,YES,NO,NO
Nidorino,YES,NO,NO
Nidoking,YES,NO,NO
Clefairy,YES,NO,NO
Clefable,YES,NO,NO
Vulpix,YES,YES,NO
Vulpix Alolan Form,YES,YES,NO
Ninetales,YES,NO,NO
Ninetales Alolan Form,YES,YES,NO
Jigglypuff,YES,NO,NO
Wigglytuff,YES,NO,NO
Zubat,YES,YES,YES
Golbat,YES,NO,NO
Oddish,YES,YES,NO
Gloom,YES,NO,NO
Vileplume,YES,NO,NO
Paras,YES,NO,NO
Parasect,YES,NO,NO
Venonat,YES,NO,NO
Venomoth,YES,NO,NO
Diglett,YES,NO,NO
Diglett Alolan Form,YES,YES,YES
Dugtrio,YES,NO,NO
Dugtrio Alolan Form,YES,NO,NO
Meowth,YES,YES,YES
Meowth Alolan Form,YES,NO,NO
Meowth Galarian Form,YES,NO,NO
Persian,YES,NO,NO
Persian Alolan Form,YES,NO,NO
Psyduck,YES,YES,NO
Golduck,NO,NO,NO
Mankey,YES,NO,NO
Primeape,YES,NO,NO
Growlithe,YES,NO,NO
Growlithe Hisuian Form,YES,NO,NO
Arcanine,YES,NO,NO
Arcanine Hisuian Form,YES,NO,NO
Poliwag,YES,NO,NO
Poliwhirl,YES,NO,NO
Poliwrath,YES,NO,NO
Abra,YES,YES,NO
Kadabra,YES,YES,NO
Alakazam,YES,NO,NO
Alakazam Mega Alakazam,NO,NO,NO
Machop,YES,YES,NO
Machoke,YES,NO,NO
Machamp,YES,NO,NO
Bellsprout,YES,NO,NO
Weepinbell,YES,NO,NO
Victreebel,YES,NO,NO
Tentacool,YES,YES,NO
Tentacruel,YES,NO,NO
Geodude,YES,YES,NO
Geodude Alolan Form,YES,NO,NO
Graveler,YES,YES,NO
Graveler Alolan Form,YES,YES,NO
Golem,YES,NO,NO
Golem Alolan Form,YES,NO,NO
Ponyta,YES,NO,NO
Ponyta Galarian Form,YES,NO,NO
Rapidash,YES,NO,NO
Rapidash Galarian Form,YES,NO,NO
Slowpoke,YES,NO,NO
Slowbro,YES,NO,NO
Slowbro Mega Slowbro,NO,NO,NO
Slowbro Galarian Form,YES,NO,NO
Magnemite,YES,YES,NO
Magneton,YES,NO,NO
Farfetch'd,YES,NO,NO
Farfetch'd Galarian Form,NO,NO,NO
Doduo,YES,NO,NO
Dodrio,YES,NO,NO
Seel,YES,NO,NO
Dewgong,YES,NO,NO
Grimer,YES,YES,NO
Grimer Alolan Form,YES,YES,NO
Muk,YES,NO,NO
Muk Alolan Form,NO,NO,NO
Shellder,YES,YES,NO
Cloyster,YES,YES,NO
Gastly,YES,YES,NO
Haunter,YES,NO,NO
Gengar,YES,NO,NO
Gengar Mega Gengar,NO,NO,NO
Onix,YES,YES,NO
Drowzee,YES,NO,NO
Hypno,YES,NO,NO
Krabby,YES,NO,NO
Kingler,YES,NO,NO
Voltorb,YES,YES,NO
Voltorb Hisuian Form,YES,NO,NO
Electrode,YES,NO,NO
Electrode Hisuian Form,YES,NO,NO
Exeggcute,YES,NO,NO
Exeggutor,YES,NO,NO
Exeggutor Alolan Form,NO,NO,NO
Cubone,YES,NO,NO
Marowak,YES,NO,NO
Marowak Alolan Form,NO,NO,NO
Hitmonlee,YES,NO,NO
Hitmonchan,YES,NO,NO
Lickitung,YES,NO,NO
Koffing,YES,NO,NO
Weezing,YES,NO,NO
Weezing Galarian Form,NO,NO,NO
Rhyhorn,YES,NO,NO
Rhydon,YES,NO,NO
Chansey,YES,NO,NO
Tangela,YES,NO,NO
Kangaskhan,NO,NO,NO
Kangaskhan Mega Kangaskhan,NO,NO,NO
Horsea,YES,NO,NO
Seadra,YES,NO,NO
Goldeen,YES,NO,NO
Seaking,YES,NO,NO
Staryu,YES,NO,NO
Starmie,YES,NO,NO
Mr. Mime,NO,NO,NO
Mr. Mime Galarian Form,NO,NO,NO
Scyther,NO,NO,NO
Jynx,NO,NO,NO
Electabuzz,YES,NO,NO
Magmar,NO,NO,NO
Pinsir,NO,NO,NO
Pinsir Mega Pinsir,NO,NO,NO
Tauros,NO,NO,NO
Magikarp,NO,NO,NO
Gyarados,YES,NO,NO
Gyarados Mega Gyarados,NO,NO,NO
Lapras,NO,NO,NO
Ditto,YES,NO,NO
Eevee,YES,NO,NO
Vaporeon,YES,NO,NO
Jolteon,YES,NO,NO
Flareon,NO,NO,NO
Porygon,YES,NO,NO
Omanyte,YES,NO,NO
Omastar,NO,NO,NO
Kabuto,YES,NO,NO
Kabutops,YES,NO,NO
Aerodactyl,YES,NO,NO
Aerodactyl Mega Aerodactyl,NO,NO,NO
Snorlax,NO,NO,NO
Articuno,NO,NO,NO
Articuno Galarian Form,NO,NO,NO
Zapdos,NO,NO,NO
Zapdos Galarian Form,NO,NO,NO
Moltres,NO,NO,NO
Moltres Galarian Form,NO,NO,NO
Dratini,YES,YES,NO
Dragonair,YES,NO,NO
Dragonite,NO,NO,NO
Mewtwo,NO,NO,NO
Mewtwo Armored Mewtwo,NO,NO,NO
Mewtwo Mega Mewtwo X,NO,NO,NO
Mewtwo Mega Mewtwo Y,NO,NO,NO
Mew,NO,NO,NO
Chikorita,YES,YES,NO
Bayleef,YES,NO,NO
Meganium,YES,NO,NO
Cyndaquil,YES,NO,NO
Quilava,YES,NO,NO
Typhlosion,YES,NO,NO
Typhlosion Hisuian Form,NO,NO,NO
Totodile,YES,YES,NO
Croconaw,YES,NO,NO
Feraligatr,YES,NO,NO
Sentret,YES,NO,NO
Furret,YES,NO,NO
Hoothoot,NO,NO,NO
Noctowl,YES,NO,NO
Ledyba,YES,YES,YES
Ledian,YES,NO,NO
Spinarak,YES,NO,NO
Ariados,YES,NO,NO
Crobat,YES,NO,NO
Chinchou,YES,NO,NO
Lanturn,YES,NO,NO
Pichu,YES,NO,NO
Cleffa,YES,NO,NO
Igglybuff,YES,NO,NO
Togepi,YES,NO,NO
Togetic,YES,NO,NO
Natu,YES,YES,NO
Xatu,YES,YES,NO
Mareep,YES,YES,NO
Flaaffy,YES,YES,NO
Ampharos,YES,NO,NO
Ampharos Mega Ampharos,NO,NO,NO
Bellossom,YES,NO,NO
Marill,YES,NO,NO
Azumarill,YES,NO,NO
Sudowoodo,YES,NO,NO
Politoed,YES,NO,NO
Hoppip,YES,YES,YES
Skiploom,YES,NO,NO
Jumpluff,YES,NO,NO
Aipom,YES,NO,NO
Sunkern,NO,NO,NO
Sunflora,YES,NO,NO
Yanma,YES,NO,NO
Wooper,YES,YES,YES
Wooper Paldean Form,YES,NO,NO
Quagsire,YES,YES,NO
Espeon,YES,NO,NO
Umbreon,YES,NO,NO
Murkrow,YES,NO,NO
Slowking,YES,NO,NO
Slowking Galarian Form,YES,NO,NO
Misdreavus,YES,NO,NO
Unown,NO,NO,NO
Wobbuffet,YES,YES,NO
Girafarig,NO,NO,NO
Pineco,YES,YES,NO
Forretress,YES,NO,NO
Dunsparce,YES,NO,NO
Gligar,NO,NO,NO
Steelix,YES,NO,NO
Steelix Mega Steelix,NO,NO,NO
Snubbull,YES,NO,NO
Granbull,YES,NO,NO
Qwilfish,NO,NO,NO
Qwilfish Hisuian Form,NO,NO,NO
Scizor,YES,NO,NO
Scizor Mega Scizor,NO,NO,NO
Shuckle,NO,NO,NO
Heracross,NO,NO,NO
Sneasel,NO,NO,NO
Sneasel Hisuian Form,NO,NO,NO
Teddiursa,YES,YES,NO
Ursaring,YES,NO,NO
Slugma,YES,NO,NO
Magcargo,YES,NO,NO
Swinub,YES,YES,YES
Piloswine,YES,YES,NO
Corsola,YES,NO,NO
Remoraid,YES,NO,NO
Octillery,YES,NO,NO
Delibird,YES,YES,NO
Mantine,YES,NO,NO
Skarmory,YES,NO,NO
Skarmory Mega Skarmory,NO,NO,NO
Houndour,YES,NO,NO
Houndoom,YES,NO,NO
Houndoom Mega Houndoom,NO,NO,NO
Kingdra,NO,NO,NO
Phanpy,YES,NO,NO
Donphan,YES,NO,NO
Porygon2,YES,NO,NO
Stantler,YES,NO,NO
Smeargle,NO,NO,NO
Tyrogue,YES,NO,NO
Hitmontop,YES,NO,NO
Smoochum,NO,NO,NO
Elekid,NO,NO,NO
Magby,NO,NO,NO
Miltank,NO,NO,NO
Blissey,YES,NO,NO
Raikou,NO,NO,NO
Entei,NO,NO,NO
Suicune,NO,NO,NO
Larvitar,YES,YES,NO
Pupitar,NO,NO,NO
Tyranitar,NO,NO,NO
Tyranitar Mega Tyranitar,NO,NO,NO
Lugia,NO,NO,NO
Ho-Oh,NO,NO,NO
Celebi,NO,NO,NO
Treecko,YES,YES,NO
Grovyle,YES,NO,NO
Sceptile,YES,NO,NO
Sceptile Mega Sceptile,NO,NO,NO
Torchic,YES,YES,NO
Combusken,YES,YES,NO
Blaziken,YES,NO,NO
Blaziken Mega Blaziken,NO,NO,NO
Mudkip,YES,YES,NO
Marshtomp,NO,YES,NO
Swampert,YES,NO,NO
Swampert Mega Swampert,NO,NO,NO
Poochyena,YES,NO,NO
Mightyena,YES,NO,NO
Zigzagoon,YES,NO,NO
Zigzagoon Galarian Form,YES,NO,YES
Linoone,YES,NO,NO
Linoone Galarian Form,YES,NO,NO
Wurmple,YES,NO,NO
Silcoon,YES,NO,NO
Beautifly,YES,NO,NO
Cascoon,YES,NO,NO
Dustox,YES,NO,NO
Lotad,YES,NO,NO
Lombre,YES,NO,NO
Ludicolo,YES,NO,NO
Seedot,YES,YES,YES
Nuzleaf,YES,NO,NO
Shiftry,YES,NO,NO
Taillow,YES,YES,YES
Swellow,YES,NO,NO
Wingull,YES,NO,NO
Pelipper,YES,NO,NO
Ralts,YES,YES,YES
Kirlia,YES,YES,NO
Gardevoir,YES,NO,NO
Gardevoir Mega Gardevoir,NO,NO,NO
Surskit,YES,NO,NO
Masquerain,YES,NO,NO
Shroomish,YES,NO,NO
Breloom,YES,NO,NO
Slakoth,YES,NO,NO
Vigoroth,YES,YES,NO
Slaking,YES,NO,NO
Nincada,YES,NO,NO
Ninjask,YES,NO,NO
Shedinja,NO,NO,NO
Whismur,YES,YES,YES
Loudred,YES,NO,NO
Exploud,YES,NO,NO
Makuhita,YES,YES,NO
Hariyama,YES,NO,NO
Azurill,NO,NO,NO
Nosepass,YES,NO,NO
Skitty,YES,NO,NO
Delcatty,YES,NO,NO
Sableye,YES,NO,NO
Sableye Mega Sableye,NO,NO,NO
Mawile,NO,NO,NO
Aron,YES,YES,NO
Lairon,YES,YES,NO
Aggron,NO,NO,NO
Aggron Mega Aggron,NO,NO,NO
Meditite,YES,NO,NO
Medicham,YES,NO,NO
Medicham Mega Medicham,NO,NO,NO
Electrike,YES,NO,NO
Manectric,YES,NO,NO
Manectric Mega Manectric,NO,NO,NO
Plusle,YES,NO,NO
Minun,YES,NO,NO
Volbeat,YES,NO,NO
Illumise,NO,NO,NO
Roselia,YES,NO,NO
Gulpin,YES,NO,NO
Swalot,YES,NO,NO
Carvanha,YES,YES,NO
Sharpedo,YES,NO,NO
Wailmer,YES,YES,NO
Wailord,YES,NO,NO
Numel,YES,YES,NO
Camerupt,NO,NO,NO
Torkoal,NO,NO,NO
Spoink,YES,YES,NO
Grumpig,YES,NO,NO
Spinda,NO,NO,NO
Trapinch,YES,NO,NO
Vibrava,YES,NO,NO
Flygon,YES,NO,NO
Cacnea,YES,YES,NO
Cacturne,NO,NO,NO
Swablu,YES,YES,YES
Altaria,YES,YES,NO
Altaria Mega Altaria,NO,NO,NO
Zangoose,YES,NO,NO
Seviper,YES,NO,NO
Lunatone,YES,NO,NO
Solrock,YES,NO,NO
Barboach,YES,YES,NO
Whiscash,YES,NO,NO
Corphish,YES,NO,NO
Crawdaunt,YES,NO,NO
Baltoy,YES,YES,YES
Claydol,NO,NO,NO
Lileep,YES,YES,NO
Cradily,YES,NO,NO
Anorith,YES,NO,NO
Armaldo,NO,NO,NO
Feebas,NO,NO,NO
Milotic,YES,NO,NO
Castform,YES,NO,NO
Castform Rainy Form,YES,NO,NO
Castform Snowy Form,NO,NO,NO
Castform Sunny Form,YES,NO,NO
Kecleon,YES,NO,NO
Shuppet,YES,YES,NO
Banette,YES,NO,NO
Banette Mega Banette,NO,NO,NO
Duskull,YES,YES,YES
Dusclops,YES,NO,NO
Tropius,NO,NO,NO
Chimecho,YES,NO,NO
Absol,YES,NO,NO
Absol Mega Absol,NO,NO,NO
Wynaut,YES,NO,NO
Snorunt,YES,YES,NO
Glalie,YES,NO,NO
Glalie Mega Glalie,NO,NO,NO
Spheal,YES,NO,NO
Sealeo,YES,NO,NO
Walrein,YES,NO,NO
Clamperl,YES,NO,NO
Huntail,NO,NO,NO
Gorebyss,YES,NO,NO
Relicanth,NO,NO,NO
Luvdisc,YES,NO,NO
Bagon,YES,YES,NO
Shelgon,YES,NO,NO
Salamence,NO,NO,NO
Salamence Mega Salamence,NO,NO,NO
Beldum,YES,YES,NO
Metang,YES,YES,NO
Metagross,YES,NO,NO
Regirock,NO,NO,NO
Regice,NO,NO,NO
Registeel,NO,NO,NO
Latias,NO,NO,NO
Latias Mega Latias,NO,NO,NO
Latios,NO,NO,NO
Latios Mega Latios,NO,NO,NO
Kyogre,NO,NO,NO
Kyogre Primal Kyogre,NO,NO,NO
Groudon,NO,NO,NO
Groudon Primal Groudon,NO,NO,NO
Rayquaza,NO,NO,NO
Rayquaza Mega Rayquaza,NO,NO,NO
Jirachi,NO,NO,NO
Deoxys Normal Form,NO,NO,NO
Deoxys Attack Form,NO,NO,NO
Deoxys Defense Form,NO,NO,NO
Deoxys Speed Form,NO,NO,NO
Turtwig,YES,YES,NO
Grotle,YES,NO,NO
Torterra,NO,NO,NO
Chimchar,YES,NO,NO
Monferno,YES,NO,NO
Infernape,NO,NO,NO
Piplup,YES,YES,NO
Prinplup,YES,NO,NO
Empoleon,NO,NO,NO
Starly,YES,NO,YES
Staravia,YES,NO,NO
Staraptor,YES,NO,NO
Bidoof,YES,YES,YES
Bibarel,YES,NO,NO
Kricketot,NO,NO,NO
Kricketune,YES,NO,NO
Shinx,YES,YES,NO
Luxio,YES,NO,NO
Luxray,NO,NO,NO
Budew,YES,NO,NO
Roserade,NO,NO,NO
Cranidos,YES,YES,NO
Rampardos,YES,NO,NO
Shieldon,YES,NO,NO
Bastiodon,YES,NO,NO
Burmy Plant Cloak,YES,NO,NO
Burmy Sandy Cloak,YES,NO,NO
Burmy Trash Cloak,YES,NO,NO
Wormadam Plant Cloak,NO,NO,NO
Wormadam Sandy Cloak,YES,NO,NO
Wormadam Trash Cloak,YES,NO,NO
Mothim,YES,NO,NO
Combee,YES,NO,NO
Vespiquen,NO,NO,NO
Pachirisu,NO,NO,NO
Buizel,YES,NO,NO
Floatzel,YES,NO,NO
Cherubi,YES,NO,NO
Cherrim Overcast Form,NO,NO,NO
Cherrim Sunshine Form,YES,NO,NO
Shellos West Sea,YES,NO,NO
Shellos East Sea,YES,NO,NO
Gastrodon West Sea,YES,NO,NO
Gastrodon East Sea,YES,NO,NO
Ambipom,NO,NO,NO
Drifloon,YES,NO,NO
Drifblim,YES,NO,NO
Buneary,YES,NO,NO
Lopunny,YES,NO,NO
Lopunny Mega Lopunny,NO,NO,NO
Mismagius,YES,NO,NO
Honchkrow,YES,NO,NO
Glameow,YES,YES,NO
Purugly,YES,NO,NO
Chingling,YES,NO,NO
Stunky,YES,NO,NO
Skuntank,YES,NO,NO
Bronzor,YES,NO,NO
Bronzong,YES,NO,NO
Bonsly,NO,NO,NO
Mime Jr.,NO,NO,NO
Happiny,NO,NO,NO
Chatot,NO,NO,NO
Spiritomb,NO,NO,NO
Gible,YES,NO,NO
Gabite,YES,NO,NO
Garchomp,NO,NO,NO
Garchomp Mega Garchomp,NO,NO,NO
Munchlax,NO,NO,NO
Riolu,YES,NO,NO
Lucario,NO,NO,NO
Hippopotas,YES,YES,NO
Hippowdon,NO,NO,NO
Skorupi,YES,YES,NO
Drapion,YES,YES,NO
Croagunk,YES,NO,NO
Toxicroak,YES,NO,NO
Carnivine,NO,NO,NO
Finneon,YES,NO,NO
Lumineon,YES,NO,NO
Mantyke,NO,NO,NO
Snover,YES,NO,NO
Abomasnow,YES,NO,NO
Abomasnow Mega Abomasnow,NO,NO,NO
Weavile,NO,NO,NO
Magnezone,YES,NO,NO
Lickilicky,YES,NO,NO
Rhyperior,YES,NO,NO
Tangrowth,YES,NO,NO
Electivire,YES,NO,NO
Magmortar,NO,NO,NO
Togekiss,YES,NO,NO
Yanmega,NO,NO,NO
Leafeon,YES,NO,NO
Glaceon,YES,NO,NO
Gliscor,NO,NO,NO
Mamoswine,NO,NO,NO
Porygon-Z,YES,NO,NO
Gallade,NO,NO,NO
Probopass,YES,NO,NO
Dusknoir,YES,NO,NO
Froslass,YES,NO,NO
Rotom Rotom,NO,NO,NO
Rotom Fan Rotom,NO,NO,NO
Rotom Frost Rotom,NO,NO,NO
Rotom Heat Rotom,NO,NO,NO
Rotom Mow Rotom,NO,NO,NO
Rotom Wash Rotom,NO,NO,NO
Uxie,NO,NO,NO
Mesprit,NO,NO,NO
Azelf,NO,NO,NO
Dialga,NO,NO,NO
Dialga Origin Form,NO,NO,NO
Palkia,NO,NO,NO
Palkia Origin Form,NO,NO,NO
Heatran,NO,NO,NO
Regigigas,NO,NO,NO
Giratina Altered Form,NO,NO,NO
Giratina Origin Form,NO,NO,NO
Cresselia,NO,NO,NO
Phione,NO,NO,NO
Manaphy,NO,NO,NO
Darkrai,NO,NO,NO
Shaymin Land Form,NO,NO,NO
Shaymin Sky Form,NO,NO,NO
Arceus,NO,NO,NO
Victini,NO,NO,NO
Snivy,YES,NO,NO
Servine,YES,NO,NO
Serperior,YES,YES,NO
Tepig,YES,NO,NO
Pignite,YES,NO,NO
Emboar,YES,NO,NO
Oshawott,YES,NO,NO
Dewott,YES,NO,NO
Samurott,NO,NO,NO
Samurott Hisuian Form,NO,NO,NO
Patrat,YES,NO,NO
Watchog,YES,NO,NO
Lillipup,YES,NO,NO
Herdier,YES,NO,NO
Stoutland,YES,NO,NO
Purrloin,YES,NO,NO
Liepard,YES,NO,NO
Pansage,YES,NO,NO
Simisage,YES,NO,NO
Pansear,YES,NO,NO
Simisear,NO,NO,NO
Panpour,YES,NO,NO
Simipour,NO,NO,NO
Munna,YES,NO,NO
Musharna,YES,NO,NO
Pidove,YES,YES,NO
Tranquill,YES,NO,NO
Unfezant,YES,NO,NO
Blitzle,YES,YES,NO
Zebstrika,NO,NO,NO
Roggenrola,YES,NO,NO
Boldore,YES,NO,NO
Gigalith,NO,NO,NO
Woobat,YES,NO,NO
Swoobat,YES,NO,NO
Drilbur,YES,YES,NO
Excadrill,YES,NO,NO
Audino,YES,NO,NO
Timburr,YES,NO,NO
Gurdurr,YES,NO,NO
Conkeldurr,YES,NO,NO
Tympole,YES,NO,NO
Palpitoad,YES,NO,NO
Seismitoad,YES,NO,NO
Throh,NO,NO,NO
Sawk,YES,NO,NO
Sewaddle,YES,NO,NO
Swadloon,YES,NO,NO
Leavanny,YES,NO,NO
Venipede,YES,YES,NO
Whirlipede,YES,NO,NO
Scolipede,YES,NO,NO
Cottonee,YES,NO,NO
Whimsicott,YES,NO,NO
Petilil,YES,NO,NO
Lilligant,NO,NO,NO
Basculin Red-Striped Form,NO,NO,NO
Basculin Blue-Striped Form,NO,NO,NO
Basculin White-Striped Form,YES,NO,NO
Sandile,YES,NO,NO
Krokorok,NO,NO,NO
Krookodile,NO,NO,NO
Darumaka,YES,YES,NO
Darumaka Galarian Form,YES,NO,NO
Darmanitan Standard Mode,NO,NO,NO
Darmanitan Zen Mode,NO,NO,NO
Darmanitan Galarian Form Standard Mode,NO,NO,NO
Darmanitan Galarian Form Zen Mode,NO,NO,NO
Maractus,NO,NO,NO
Dwebble,YES,YES,NO
Crustle,YES,NO,NO
Scraggy,YES,NO,NO
Scrafty,YES,NO,NO
Sigilyph,NO,NO,NO
Yamask,YES,NO,NO
Yamask Galarian Form,YES,NO,NO
Cofagrigus,YES,YES,NO
Tirtouga,NO,NO,NO
Carracosta,NO,NO,NO
Archen,YES,NO,NO
Archeops,YES,NO,NO
Trubbish,YES,YES,NO
Garbodor,YES,NO,NO
Zorua,YES,NO,NO
Zoroark,YES,NO,NO
Minccino,YES,NO,NO
Cinccino,NO,NO,NO
Gothita,YES,YES,NO
Gothorita,YES,NO,NO
Gothitelle,YES,NO,NO
Solosis,YES,YES,NO
Duosion,YES,NO,NO
Reuniclus,YES,NO,NO
Ducklett,YES,YES,NO
Swanna,YES,NO,NO
Vanillite,YES,NO,NO
Vanillish,YES,NO,NO
Vanilluxe,NO,NO,NO
Deerling Spring Form,YES,NO,NO
Deerling Summer Form,YES,NO,NO
Deerling Autumn Form,YES,NO,NO
Deerling Winter Form,YES,NO,NO
Sawsbuck Spring Form,YES,NO,NO
Sawsbuck Summer Form,NO,NO,NO
Sawsbuck Autumn Form,NO,NO,NO
Sawsbuck Winter Form,NO,NO,NO
Emolga,NO,NO,NO
Karrablast,YES,NO,NO
Escavalier,YES,NO,NO
Foongus,YES,YES,NO
Amoonguss,YES,NO,NO
Frillish,YES,NO,NO
Jellicent,NO,NO,NO
Alomomola,NO,NO,NO
Joltik,YES,YES,NO
Galvantula,YES,YES,NO
Ferroseed,YES,NO,NO
Ferrothorn,YES,NO,NO
Klink,YES,NO,NO
Klang,YES,NO,NO
Klinklang,NO,NO,NO
Tynamo,YES,NO,NO
Eelektrik,YES,NO,NO
Eelektross,NO,NO,NO
Elgyem,YES,NO,NO
Beheeyem,NO,NO,NO
Litwick,YES,NO,NO
Lampent,YES,NO,NO
Chandelure,YES,NO,NO
Axew,YES,NO,NO
Fraxure,YES,NO,NO
Haxorus,NO,NO,NO
Cubchoo,YES,NO,NO
Beartic,NO,NO,NO
Cryogonal,NO,NO,NO
Shelmet,YES,NO,NO
Accelgor,YES,NO,NO
Stunfisk,YES,NO,NO
Stunfisk Galarian Form,YES,NO,NO
Mienfoo,YES,NO,NO
Mienshao,YES,NO,NO
Druddigon,NO,NO,NO
Golett,YES,YES,NO
Golurk,NO,NO,NO
Pawniard,NO,NO,NO
Bisharp,NO,NO,NO
Bouffalant,NO,NO,NO
Rufflet,YES,NO,NO
Braviary,YES,NO,NO
Braviary Hisuian Form,NO,NO,NO
Vullaby,YES,NO,NO
Mandibuzz,NO,NO,NO
Heatmor,YES,NO,NO
Durant,NO,NO,NO
Deino,YES,YES,NO
Zweilous,YES,NO,NO
Hydreigon,YES,NO,NO
Larvesta,NO,NO,NO
Volcarona,NO,NO,NO
Cobalion,NO,NO,NO
Terrakion,NO,NO,NO
Virizion,NO,NO,NO
Tornadus Incarnate Form,NO,NO,NO
Tornadus Therian Form,NO,NO,NO
Thundurus Incarnate Form,NO,NO,NO
Thundurus Therian Form,NO,NO,NO
Reshiram,NO,NO,NO
Zekrom,NO,NO,NO
Landorus Incarnate Form,NO,NO,NO
Landorus Therian Form,NO,NO,NO
Kyurem,NO,NO,NO
Kyurem Black Kyurem,NO,NO,NO
Kyurem White Kyurem,NO,NO,NO
Keldeo Ordinary Form,NO,NO,NO
Keldeo Resolute Form,NO,NO,NO
Meloetta Aria Form,NO,NO,NO
Meloetta Pirouette Form,NO,NO,NO
Genesect,NO,NO,NO
Chespin,YES,NO,NO
Quilladin,NO,NO,NO
Chesnaught,NO,NO,NO
Fennekin,YES,YES,NO
Braixen,YES,NO,NO
Delphox,YES,NO,NO
Froakie,YES,NO,NO
Frogadier,YES,NO,NO
Greninja,YES,NO,NO
Bunnelby,YES,YES,YES
Diggersby,YES,NO,NO
Fletchling,YES,NO,NO
Fletchinder,YES,NO,NO
Talonflame,YES,NO,NO
Scatterbug,YES,NO,NO
Spewpa,YES,NO,NO
Vivillon,NO,NO,NO
Litleo,YES,NO,NO
Pyroar,NO,NO,NO
Flabebe,NO,NO,NO
Floette,NO,NO,NO
Florges,NO,NO,NO
Skiddo,YES,NO,NO
Gogoat,NO,NO,NO
Pancham,YES,NO,NO
Pangoro,NO,NO,NO
Furfrou,YES,NO,NO
Espurr,YES,NO,NO
Meowstic Male,NO,NO,NO
Meowstic Female,NO,NO,NO
Honedge,NO,NO,NO
Doublade,NO,NO,NO
Aegislash Shield Form,NO,NO,NO
Aegislash Blade Form,NO,NO,NO
Spritzee,YES,NO,NO
Aromatisse,YES,NO,NO
Swirlix,YES,NO,NO
Slurpuff,YES,NO,NO
Inkay,YES,NO,NO
Malamar,YES,NO,NO
Binacle,YES,NO,NO
Barbaracle,NO,NO,NO
Skrelp,YES,NO,NO
Dragalge,NO,NO,NO
Clauncher,YES,NO,NO
Clawitzer,YES,NO,NO
Helioptile,YES,NO,NO
Heliolisk,YES,NO,NO
Tyrunt,YES,NO,NO
Tyrantrum,YES,NO,NO
Amaura,YES,NO,NO
Aurorus,YES,NO,NO
Sylveon,YES,NO,NO
Hawlucha,NO,NO,NO
Dedenne,YES,NO,NO
Carbink,NO,NO,NO
Goomy,YES,NO,NO
Sliggoo,YES,NO,NO
Goodra,YES,NO,NO
Klefki,YES,NO,NO
Phantump,YES,YES,NO
Trevenant,YES,NO,NO
Pumpkaboo Small Variety,YES,NO,NO
Pumpkaboo Medium Variety,YES,NO,NO
Pumpkaboo Large Variety,YES,NO,NO
Pumpkaboo Jumbo Variety,YES,NO,NO
Gourgeist Small Variety,YES,NO,NO
Gourgeist Medium Variety,YES,NO,NO
Gourgeist Large Variety,YES,NO,NO
Gourgeist Jumbo Variety,YES,NO,NO
Bergmite,YES,NO,NO
Avalugg,YES,NO,NO
Avalugg Hisuian Form,NO,NO,NO
Noibat,YES,NO,NO
Noivern,YES,NO,NO
Xerneas,NO,NO,NO
Yveltal,NO,NO,NO
Zygarde 50% Form,NO,NO,NO
Zygarde 10% Form,NO,NO,NO
Zygarde Complete Form,NO,NO,NO
Diancie,NO,NO,NO
Diancie Mega Diancie,NO,NO,NO
Hoopa Hoopa Confined,NO,NO,NO
Hoopa Hoopa Unbound,NO,NO,NO
Volcanion,NO,NO,NO
Rowlet,YES,NO,NO
Dartrix,YES,NO,NO
Decidueye,YES,NO,NO
Decidueye Hisuian Form,NO,NO,NO
Litten,YES,NO,NO
Torracat,YES,NO,NO
Incineroar,NO,NO,NO
Popplio,YES,NO,NO
Brionne,YES,NO,NO
Primarina,YES,NO,NO
Pikipek,YES,NO,NO
Trumbeak,YES,NO,NO
Toucannon,YES,NO,NO
Yungoos,YES,NO,NO
Gumshoos,YES,NO,NO
Grubbin,YES,NO,NO
Charjabug,YES,NO,NO
Vikavolt,YES,NO,NO
Crabrawler,YES,NO,NO
Crabominable,NO,NO,NO
Oricorio Baile Style,NO,NO,NO
Oricorio Pom-Pom Style,NO,NO,NO
Oricorio Pa'u Style,NO,NO,NO
Oricorio Sensu Style,YES,NO,NO
Cutiefly,YES,NO,NO
Ribombee,YES,NO,NO
Rockruff,YES,NO,NO
Lycanroc Midday Form,YES,NO,NO
Lycanroc Midnight Form,NO,NO,NO
Lycanroc Dusk Form,NO,NO,NO
Wishiwashi Solo Form,NO,NO,NO
Wishiwashi School Form,NO,NO,NO
Mareanie,YES,NO,NO
Toxapex,YES,NO,NO
Mudbray,NO,NO,NO
Mudsdale,NO,NO,NO
Dewpider,YES,YES,YES
Araquanid,YES,NO,NO
Fomantis,YES,NO,NO
Lurantis,YES,NO,NO
Morelull,YES,YES,NO
Shiinotic,YES,NO,NO
Salandit,NO,NO,NO
Salazzle,NO,NO,NO
Stufful,YES,NO,NO
Bewear,YES,NO,NO
Bounsweet,YES,NO,NO
Steenee,YES,NO,NO
Tsareena,YES,NO,NO
Comfey,NO,NO,NO
Oranguru,YES,NO,NO
Passimian,YES,NO,NO
Wimpod,YES,NO,NO
Golisopod,NO,NO,NO
Sandygast,YES,NO,NO
Palossand,YES,NO,NO
Pyukumuku,NO,NO,NO
Komala,NO,NO,NO
Turtonator,NO,NO,NO
Togedemaru,YES,NO,NO
Bruxish,NO,NO,NO
Drampa,NO,NO,NO
Jangmo-o,YES,NO,NO
Hakamo-o,YES,NO,NO
Kommo-o,NO,NO,NO
Tapu Koko,NO,NO,NO
Tapu Lele,NO,NO,NO
Tapu Bulu,NO,NO,NO
Tapu Fini,NO,NO,NO
Cosmog,NO,NO,NO
Cosmoem,NO,NO,NO
Solgaleo,NO,NO,NO
Lunala,NO,NO,NO
Nihilego,NO,NO,NO
Buzzwole,NO,NO,NO
Pheromosa,NO,NO,NO
Xurkitree,NO,NO,NO
Celesteela,NO,NO,NO
Kartana,NO,NO,NO
Guzzlord,NO,NO,NO
Necrozma,NO,NO,NO
Marshadow,NO,NO,NO
Meltan,YES,NO,NO
Melmetal,YES,NO,NO
Skwovet,YES,NO,NO
Greedent,YES,NO,NO
Wooloo,YES,NO,NO
Dubwool,YES,NO,NO
Obstagoon,YES,NO,NO
Perrserker,YES,NO,NO
Sirfetch'd,NO,NO,NO
Mr. Rime,NO,NO,NO
Runerigus,NO,NO,NO
Falinks,NO,NO,NO
Falinks Mega Falinks,NO,NO,NO
Zacian Hero of Many Battles,NO,NO,NO
Zamazenta Hero of Many Battles,NO,NO,NO
Zarude,NO,NO,NO
Regieleki,NO,NO,NO
Regidrago,NO,NO,NO
Wyrdeer,NO,NO,NO
Kleavor,NO,NO,NO
Ursaluna,YES,NO,NO
Sneasler,NO,NO,NO
Overqwil,NO,NO,NO
Sprigatito,YES,NO,NO
Floragato,YES,NO,NO
Meowscarada,YES,NO,NO
Fuecoco,YES,NO,NO
Crocalor,YES,NO,NO
Skeledirge,YES,NO,NO
Quaxly,YES,NO,NO
Quaxwell,YES,NO,NO
Quaquaval,YES,NO,NO
Lechonk,YES,NO,NO
Oinkologne Male,YES,NO,NO
Oinkologne Female,YES,NO,NO
Nymble,NO,NO,NO
Lokix,YES,NO,NO
Pawmi,YES,NO,NO
Pawmo,YES,NO,NO
Pawmot,YES,NO,NO
Smoliv,YES,NO,NO
Dolliv,YES,NO,NO
Arboliva,YES,NO,NO
Tadbulb,YES,NO,NO
Bellibolt,NO,NO,NO
Bombirdier,NO,NO,NO
Greavard,YES,NO,NO
Houndstone,YES,NO,NO
Cetoddle,YES,NO,NO
Cetitan,YES,NO,NO
Annihilape,YES,NO,NO
Clodsire,YES,NO,NO
Frigibax,YES,NO,NO
Arctibax,NO,NO,NO
Baxcalibur,NO,NO,NO
Gimmighoul Roaming Form,NO,NO,NO
Gholdengo,NO,NO,NO
Poipole,NO,NO,NO
Naganadel,NO,NO,NO
Stakataka,NO,NO,NO
Blacephalon,NO,NO,NO
Enamorus Incarnate Form,NO,NO,NO
Enamorus Therian Form,NO,NO,NO
Charcadet,YES,NO,NO
Armarouge,NO,NO,NO
Ceruledge,NO,NO,NO
Varoom,NO,NO,NO
Revavroom,NO,NO,NO
Heracross Mega Heracross,NO,NO,NO
Necrozma Dusk Mane,NO,NO,NO
Necrozma Dawn Wings,NO,NO,NO
Wiglett,NO,NO,NO
Wugtrio,NO,NO,NO
Lucario Mega Lucario,NO,NO,NO
Tandemaus,YES,NO,NO
Maushold Family of Four,NO,NO,NO
Maushold Family of Three,NO,NO,NO
Slowpoke Galarian Form,YES,NO,NO
Grookey,YES,NO,NO
Thwackey,YES,NO,NO
Rillaboom,NO,NO,NO
Scorbunny,YES,NO,NO
Raboot,YES,NO,NO
Cinderace,YES,NO,NO
Sobble,YES,NO,NO
Drizzile,YES,NO,NO
Inteleon,YES,NO,NO
Stonjourner,NO,NO,NO
Morpeko Full Belly Mode,NO,NO,NO
Morpeko Hangry Mode,NO,NO,NO
Dreepy,YES,NO,NO
Drakloak,NO,NO,NO
Dragapult,NO,NO,NO
Hatenna,YES,NO,NO
Hattrem,YES,NO,NO
Hatterene,YES,NO,NO
Mawile Mega Mawile,NO,NO,NO
Toxel,YES,NO,NO
Toxtricity Amped Form,NO,NO,NO
Toxtricity Low Key Form,NO,NO,NO
Corsola Galarian Form,NO,NO,NO
Gallade Mega Gallade,NO,NO,NO
Dhelmise,NO,NO,NO
Rookidee,YES,NO,NO
Corvisquire,YES,NO,NO
Corviknight,YES,NO,NO
Nickit,YES,NO,NO
Thievul,YES,NO,NO
Sinistea,YES,NO,NO
Polteageist,YES,NO,NO
Cursola,NO,NO,NO
Zacian Crowned Sword,NO,NO,NO
Zamazenta Crowned Shield,NO,NO,NO
Eternatus,NO,NO,NO
Eternatus Eternamax,NO,NO,NO
Kubfu,NO,NO,NO
Fidough,YES,NO,NO
Dachsbun,NO,NO,NO
Shroodle,NO,NO,NO
Grafaiai,NO,NO,NO
Tinkatink,YES,NO,NO
Tinkatuff,YES,NO,NO
Tinkaton,YES,NO,NO
Tauros Paldean Form Combat Breed,NO,NO,NO
Tauros Paldean Form Blaze Breed,NO,NO,NO
Tauros Paldean Form Aqua Breed,NO,NO,NO
Audino Mega Audino,NO,NO,NO
Gossifleur,YES,NO,NO
Eldegoss,YES,NO,NO
Applin,YES,NO,NO
Flapple,NO,NO,NO
Appletun,NO,NO,NO
Sizzlipede,YES,NO,NO
Centiskorch,YES,NO,NO
Urshifu Single Strike Style,NO,NO,NO
Urshifu Rapid Strike Style,NO,NO,NO
Kingambit,NO,NO,NO
Yamper,YES,NO,NO
Boltund,YES,NO,NO
Zorua Hisuian Form,YES,NO,NO
Zoroark Hisuian Form,NO,NO,NO
Toedscool,YES,NO,NO
Toedscruel,YES,NO,NO
Lilligant Hisuian Form,NO,NO,NO
Snom,YES,NO,NO
Frosmoth,NO,NO,NO
Dondozo,NO,NO,NO
Tatsugiri Curly Form,NO,NO,NO
Tatsugiri Droopy Form,NO,NO,NO
Tatsugiri Stretchy Form,NO,NO,NO
Sharpedo Mega Sharpedo,NO,NO,NO
Camerupt Mega Camerupt,NO,NO,NO
Metagross Mega Metagross,NO,NO,NO
Impidimp,YES,NO,NO
Morgrem,NO,NO,NO
Grimmsnarl,YES,NO,NO
Indeedee Male,NO,NO,NO
Indeedee Female,NO,NO,NO
Duraludon,NO,NO,NO
Dudunsparce Two-Segment Form,NO,NO,NO
Dudunsparce Three-Segment Form,NO,NO,NO
Dipplin,NO,NO,NO
Poltchageist,NO,NO,NO
Sinistcha,NO,NO,NO
Hydrapple,NO,NO,NO
Tarountula,YES,NO,NO
Spidops,YES,NO,NO
Victreebel Mega Victreebel,NO,NO,NO
Dragonite Mega Dragonite,NO,NO,NO
Malamar Mega Malamar,NO,NO,NO
Mimikyu,NO,NO,NO
Zeraora,NO,NO,NO
Rolycoly,YES,NO,NO
Carkol,NO,NO,NO
Coalossal,NO,NO,NO
Clobbopus,NO,NO,NO
Grapploct,NO,NO,NO
Nacli,YES,NO,NO
Naclstack,NO,NO,NO
Garganacl,NO,NO,NO
Wattrel,YES,NO,NO
Kilowattrel,YES,NO,NO
Klawf,NO,NO,NO
Glimmet,YES,NO,NO
Glimmora,NO,NO,NO
Flamigo,NO,NO,NO
Squawkabilly Yellow Plumage,NO,NO,NO
Squawkabilly Blue Plumage,NO,NO,NO
Squawkabilly White Plumage,NO,NO,NO
Squawkabilly Green Plumage,NO,NO,NO
Blipbug,NO,NO,NO
Dottler,NO,NO,NO
Orbeetle,NO,NO,NO
Flittle,NO,NO,NO
Espathra,NO,NO,NO
Silicobra,NO,NO,NO
Sandaconda,NO,NO,NO
Orthworm,NO,NO,NO